id,datum,uhrzeit,ort,motivation,speisen,getraenke,beschwerden,stuhltyp,stuhlverhalten,therapie,anmerkungen
clxg8yowf0000nqvcj1ifoe4j,,,dggbdfgdfdfg,,fdgdfgdf,,,0,,,
clxg80x490005avd9n8eoo1zu,,,Nicholasfield,quae tergiversatio adipiscor,aequus cubo ulciscor,eveniet color truculenter,amplitudo totidem cupiditate,5,defleo abscido corona,cerno at trepide,tunc decretum cohaero
clxg80x410003avd9srstf1rc,,,Maiaport,pecto optio cattus,et facilis terreo,usque tot expedita,patior patruus et,3,bos termes adicio,ullam alienus suffoco,cognomen viriliter sublime
clxg80x370000avd9vicozy8c,,,Lake Wilhelmineland,voluptate carcer deripio,voluptates allatus consequatur,cotidie itaque advenio,contabesco centum nesciunt,0,viriliter libero ascisco,thesis omnis careo,usus earum uter
clxg80x4g0007avd9qnsmcv2v,,,Jenkinsboro,culpo atqui casso,odio cuppedia comprehendo,custodia cinis solitudo,excepturi coruscus possimus,7,careo caute tempore,blandior decumbo eos,sto stipes strenuus
clxg80x3y0002avd9fd95024m,,,East Arloton,vere eaque bellicus,coadunatio agnosco certe,enim viriliter depopulo,perferendis arca tenax,2,pariatur nulla dolorem,acies argentum amiculum,aequus patria cernuus
clxg80x4d0006avd9ce963ihu,,,Fritschland,tamen defleo cruentus,sponte cicuta culpa,incidunt suasoria tonsor,terra adsum appositus,6,speciosus umbra amitto,ascisco contra arca,asperiores cui velum
clxg80x3p0001avd9053tx0oa,,,New Greg,volup cetera tutis,quibusdam credo inventore,appono acquiro quisquam,crebro crepusculum vitiosus,1,casus sustineo theatrum,creta cultellus ultra,strenuus valde viscus
,,,New York,vero vulnus conicio,virgo amo victus,commemoro denuncio arbitro,celo celer confero,4,arguo clibanus vinculum,verbera articulus tamen,adflicto cribro tergeo
